{
    "configVersion": 1,
    "name": "Adminastro",
    "shortname": "adm",
    "level": 0,
    "maxPlayers": 20,
    "subGroupSize": 10,
    "subGroupCount": 5,
    "lastActivity": 1754872106,
    "creationDate": 1751498455,
    "markerLimit": 50,
    "plotpoleLimit": 2,
    "hasATMAccount": 0,
    "showTagInChat": 1,
    "ATMBalance": 0,
    "members": [
        {
            "type": 4,
            "uid": 533020704,
            "name": "[CV] Barreto",
            "icon": "",
            "position": [
                12775.7421875,
                18.668947219848634,
                9637.8125
            ],
            "currentSubgroup": 0,
            "colorA": 255,
            "colorR": 255,
            "colorG": 255,
            "colorB": 255,
            "steamid": "76561198360290787",
            "permissionGroup": 9,
            "online": 0,
            "health": 100.0
        }
    ],
    "markers": [
        {
            "type": 3,
            "uid": 1660012047,
            "name": "HAGANEIRO",
            "icon": "BXD_SystemParty\\gui\\icons\\flag.paa",
            "position": [
                6579.16064453125,
                333.77532958984377,
                9301.52734375
            ],
            "currentSubgroup": 0,
            "colorA": 255,
            "colorR": 255,
            "colorG": 255,
            "colorB": 255
        },
        {
            "type": 3,
            "uid": 1002141664,
            "name": "gelo",
            "icon": "BXD_SystemParty\\gui\\icons\\marker.paa",
            "position": [
                5103.7861328125,
                1.0,
                540.3717041015625
            ],
            "currentSubgroup": 0,
            "colorA": 255,
            "colorR": 255,
            "colorG": 255,
            "colorB": 255
        },
        {
            "type": 3,
            "uid": 2001071767,
            "name": "petro",
            "icon": "BXD_SystemParty\\gui\\icons\\marker.paa",
            "position": [
                7921.70654296875,
                1.0,
                1965.6536865234376
            ],
            "currentSubgroup": 0,
            "colorA": 255,
            "colorR": 255,
            "colorG": 255,
            "colorB": 255
        },
        {
            "type": 3,
            "uid": 1344839834,
            "name": "bunker",
            "icon": "BXD_SystemParty\\gui\\icons\\marker.paa",
            "position": [
                13503.146484375,
                20.46082878112793,
                3053.652587890625
            ],
            "currentSubgroup": 0,
            "colorA": 255,
            "colorR": 255,
            "colorG": 255,
            "colorB": 255
        },
        {
            "type": 3,
            "uid": 1945167858,
            "name": "labirinto",
            "icon": "BXD_SystemParty\\gui\\icons\\marker.paa",
            "position": [
                5654.31494140625,
                316.740478515625,
                7824.5341796875
            ],
            "currentSubgroup": 0,
            "colorA": 255,
            "colorR": 255,
            "colorG": 255,
            "colorB": 255
        },
        {
            "type": 3,
            "uid": 1249023287,
            "name": "bunker2",
            "icon": "BXD_SystemParty\\gui\\icons\\marker.paa",
            "position": [
                1193.514892578125,
                378.3443908691406,
                12296.2138671875
            ],
            "currentSubgroup": 0,
            "colorA": 255,
            "colorR": 255,
            "colorG": 255,
            "colorB": 255
        }
    ]
}