{
    "configVersion": 1,
    "name": "BR252",
    "shortname": "BR25",
    "level": 0,
    "maxPlayers": 20,
    "subGroupSize": 10,
    "subGroupCount": 5,
    "lastActivity": 1750270748,
    "creationDate": 1750270208,
    "markerLimit": 50,
    "plotpoleLimit": 2,
    "hasATMAccount": 0,
    "showTagInChat": 1,
    "ATMBalance": 0,
    "members": [
        {
            "type": 4,
            "uid": 1322884606,
            "name": "TIRINGA",
            "icon": "",
            "position": [
                5227.50390625,
                12.539997100830079,
                2141.064208984375
            ],
            "currentSubgroup": 0,
            "colorA": 255,
            "colorR": 255,
            "colorG": 255,
            "colorB": 255,
            "steamid": "76561199336194783",
            "permissionGroup": 9,
            "online": 0,
            "health": 72.83788299560547
        }
    ],
    "markers": []
}