{
    "configVersion": 1,
    "name": "GREAT7",
    "shortname": "GR7",
    "level": 0,
    "maxPlayers": 20,
    "subGroupSize": 10,
    "subGroupCount": 5,
    "lastActivity": 1753246798,
    "creationDate": 1749684921,
    "markerLimit": 50,
    "plotpoleLimit": 2,
    "hasATMAccount": 0,
    "showTagInChat": 1,
    "ATMBalance": 0,
    "members": [
        {
            "type": 4,
            "uid": 1941432193,
            "name": "SuugaRM",
            "icon": "",
            "position": [
                6589.56201171875,
                336.2253723144531,
                9304.6904296875
            ],
            "currentSubgroup": 0,
            "colorA": 255,
            "colorR": 255,
            "colorG": 255,
            "colorB": 255,
            "steamid": "76561198035141593",
            "permissionGroup": 9,
            "online": 0,
            "health": 100.0
        },
        {
            "type": 4,
            "uid": 766139348,
            "name": "Ra-Horakhty",
            "icon": "",
            "position": [
                6581.60302734375,
                336.225830078125,
                9315.6806640625
            ],
            "currentSubgroup": 0,
            "colorA": 255,
            "colorR": 255,
            "colorG": 255,
            "colorB": 255,
            "steamid": "76561198106866669",
            "permissionGroup": 5,
            "online": 0,
            "health": 100.0
        },
        {
            "type": 4,
            "uid": 35259640,
            "name": "QUINTINERA",
            "icon": "",
            "position": [
                6579.80322265625,
                336.2249450683594,
                9298.40234375
            ],
            "currentSubgroup": 0,
            "colorA": 255,
            "colorR": 255,
            "colorG": 255,
            "colorB": 255,
            "steamid": "76561198339998022",
            "permissionGroup": 7,
            "online": 0,
            "health": 100.0
        },
        {
            "type": 4,
            "uid": 1251251579,
            "name": "Mamaky",
            "icon": "",
            "position": [
                6580.17626953125,
                336.22528076171877,
                9307.76171875
            ],
            "currentSubgroup": 0,
            "colorA": 255,
            "colorR": 255,
            "colorG": 255,
            "colorB": 255,
            "steamid": "76561199290478941",
            "permissionGroup": 5,
            "online": 0,
            "health": 100.0
        }
    ],
    "markers": [
        {
            "type": 3,
            "uid": 330508303,
            "name": "BASE",
            "icon": "BXD_SystemParty\\gui\\icons\\home.paa",
            "position": [
                6578.34716796875,
                333.40655517578127,
                9292.140625
            ],
            "currentSubgroup": 0,
            "colorA": 255,
            "colorR": 255,
            "colorG": 79,
            "colorB": 255
        },
        {
            "type": 3,
            "uid": 1158974084,
            "name": "MILI CRASH",
            "icon": "BXD_SystemParty\\gui\\icons\\marker.paa",
            "position": [
                5758.7197265625,
                274.71484375,
                10249.6201171875
            ],
            "currentSubgroup": 0,
            "colorA": 255,
            "colorR": 255,
            "colorG": 255,
            "colorB": 255
        },
        {
            "type": 3,
            "uid": 1612038235,
            "name": "zeleno",
            "icon": "BXD_SystemParty\\gui\\icons\\marker.paa",
            "position": [
                2720.019287109375,
                199.8186492919922,
                5226.763671875
            ],
            "currentSubgroup": 0,
            "colorA": 255,
            "colorR": 255,
            "colorG": 255,
            "colorB": 255
        }
    ]
}