{
    "configVersion": 1,
    "name": "HARD GAMING",
    "shortname": "HARD",
    "level": 0,
    "maxPlayers": 20,
    "subGroupSize": 10,
    "subGroupCount": 5,
    "lastActivity": 1750466166,
    "creationDate": 1750112863,
    "markerLimit": 50,
    "plotpoleLimit": 2,
    "hasATMAccount": 0,
    "showTagInChat": 1,
    "ATMBalance": 0,
    "members": [
        {
            "type": 4,
            "uid": 144118248,
            "name": "Neelsin",
            "icon": "",
            "position": [
                3980.833740234375,
                230.18301391601563,
                4749.9013671875
            ],
            "currentSubgroup": 0,
            "colorA": 255,
            "colorR": 255,
            "colorG": 255,
            "colorB": 255,
            "steamid": "76561198148756888",
            "permissionGroup": 9,
            "online": 0,
            "health": 100.0
        },
        {
            "type": 4,
            "uid": 573129956,
            "name": "[Hard]LuckSouza",
            "icon": "",
            "position": [
                2563.847412109375,
                193.55133056640626,
                5148.958984375
            ],
            "currentSubgroup": 0,
            "colorA": 255,
            "colorR": 255,
            "colorG": 255,
            "colorB": 255,
            "steamid": "76561198915611307",
            "permissionGroup": 7,
            "online": 0,
            "health": 15.39712142944336
        }
    ],
    "markers": [
        {
            "type": 3,
            "uid": 2094070180,
            "name": "BASE BAIXAD",
            "icon": "BXD_SystemParty\\gui\\icons\\marker.paa",
            "position": [
                3967.2451171875,
                229.8800048828125,
                4741.91064453125
            ],
            "currentSubgroup": 0,
            "colorA": 255,
            "colorR": 255,
            "colorG": 255,
            "colorB": 255
        },
        {
            "type": 3,
            "uid": 371928315,
            "name": "MALA",
            "icon": "BXD_SystemParty\\gui\\icons\\communications.paa",
            "position": [
                6037.4814453125,
                43.67970275878906,
                2450.55908203125
            ],
            "currentSubgroup": 0,
            "colorA": 111,
            "colorR": 80,
            "colorG": 219,
            "colorB": 0
        },
        {
            "type": 3,
            "uid": 809853190,
            "name": "base militar",
            "icon": "BXD_SystemParty\\gui\\icons\\marker.paa",
            "position": [
                2488.28564453125,
                193.0876007080078,
                5121.0517578125
            ],
            "currentSubgroup": 0,
            "colorA": 99,
            "colorR": 255,
            "colorG": 255,
            "colorB": 0
        },
        {
            "type": 3,
            "uid": 1763496539,
            "name": "ir",
            "icon": "BXD_SystemParty\\gui\\icons\\parking.paa",
            "position": [
                4279.9033203125,
                202.45277404785157,
                4450.78955078125
            ],
            "currentSubgroup": 0,
            "colorA": 255,
            "colorR": 255,
            "colorG": 255,
            "colorB": 7
        },
        {
            "type": 3,
            "uid": 1867636412,
            "name": "ir",
            "icon": "BXD_SystemParty\\gui\\icons\\parking.paa",
            "position": [
                4556.33056640625,
                114.92192840576172,
                3398.6279296875
            ],
            "currentSubgroup": 0,
            "colorA": 255,
            "colorR": 255,
            "colorG": 255,
            "colorB": 7
        },
        {
            "type": 3,
            "uid": 441857354,
            "name": "ir",
            "icon": "BXD_SystemParty\\gui\\icons\\parking.paa",
            "position": [
                4884.00927734375,
                25.425973892211915,
                2794.375244140625
            ],
            "currentSubgroup": 0,
            "colorA": 255,
            "colorR": 255,
            "colorG": 255,
            "colorB": 7
        },
        {
            "type": 3,
            "uid": 1708051396,
            "name": "ir",
            "icon": "BXD_SystemParty\\gui\\icons\\parking.paa",
            "position": [
                4601.12451171875,
                9.999733924865723,
                2592.148193359375
            ],
            "currentSubgroup": 0,
            "colorA": 255,
            "colorR": 255,
            "colorG": 255,
            "colorB": 7
        },
        {
            "type": 3,
            "uid": 476658029,
            "name": "TENDA",
            "icon": "BXD_SystemParty\\gui\\icons\\camp.paa",
            "position": [
                3373.706787109375,
                240.36802673339845,
                4907.5810546875
            ],
            "currentSubgroup": 0,
            "colorA": 255,
            "colorR": 255,
            "colorG": 77,
            "colorB": 255
        }
    ]
}