{
    "configVersion": 1,
    "name": "xupxup",
    "shortname": "xup",
    "level": 0,
    "maxPlayers": 20,
    "subGroupSize": 10,
    "subGroupCount": 5,
    "lastActivity": 1753669541,
    "creationDate": 1753661214,
    "markerLimit": 50,
    "plotpoleLimit": 2,
    "hasATMAccount": 0,
    "showTagInChat": 1,
    "ATMBalance": 0,
    "members": [
        {
            "type": 4,
            "uid": 1216516442,
            "name": "Drikkss",
            "icon": "",
            "position": [
                2726.278564453125,
                206.8699493408203,
                5365.5166015625
            ],
            "currentSubgroup": 0,
            "colorA": 255,
            "colorR": 255,
            "colorG": 255,
            "colorB": 255,
            "steamid": "76561198066750478",
            "permissionGroup": 9,
            "online": 0,
            "health": 0.0
        },
        {
            "type": 4,
            "uid": 1686751548,
            "name": "Kirito",
            "icon": "",
            "position": [
                4882.5068359375,
                334.777099609375,
                8149.1455078125
            ],
            "currentSubgroup": 0,
            "colorA": 255,
            "colorR": 255,
            "colorG": 255,
            "colorB": 255,
            "steamid": "76561198087332017",
            "permissionGroup": 7,
            "online": 0,
            "health": 100.0
        }
    ],
    "markers": []
}